imdb_id,name,birthdate,country,wikidata_id
nm3000000,Tom Hanks,07/21/1934,US,Q7000000
nm3000001,Meryl Streep,09/25/1958,FR,Q7000001
nm3000002,Jack Nicholson,03/01/1973,JP,Q7000002
nm3000003,Cate Blanchett,03/15/1936,MX,Q7000003
nm3000004,Denzel Washington,06/13/1931,RU,
nm3000005,Jodie Foster,04/25/1933,IT,Q7000005
nm3000006,Robert De Niro,06/22/1926,CN,Q7000006
nm3000007,Natalie Portman,04/02/1961,DE,Q7000007
nm3000008,Al Pacino,07/04/1963,GB,
nm3000009,Kate Winslet,01/11/1971,US,
nm3000010,Dustin Hoffman,10/24/1930,JP,
nm3000011,Halle Berry,08/11/1925,GB,
nm3000012,Gene Hackman,01/01/1969,BR,
nm3000013,Charlize Theron,08/04/1963,JP,Q7000013
nm3000014,Clint Eastwood,12/26/1943,BR,
nm3000015,Julia Roberts,06/09/1958,JP,Q7000015
nm3000016,Anthony Hopkins,07/12/1924,US,Q7000016
nm3000017,Hillary Swank,04/16/1958,RU,
nm3000018,Morgan Freeman,06/28/1965,MX,Q7000018
nm3000019,Reese Witherspoon,09/01/1932,BR,Q7000019
nm3000020,Alejandro González Iñárritu,07/03/1963,JP,Q7000020
nm3000021,Penélope Cruz,05/10/1952,JP,Q7000021
nm3000022,Søren Kierkegaard,08/17/1977,FR,Q7000022
nm3000023,François Truffaut,08/10/1948,US,Q7000023
nm3000024,Jean-Luc Godard,09/17/1958,BR,Q7000024
nm3000025,Agnès Varda,10/18/1973,MX,Q7000025
nm3000026,Björk Guðmundsdóttir,04/03/1939,US,Q7000026
nm3000027,Věra Chytilová,02/17/1961,BR,Q7000027
nm3000028,Andrzej Wajda,06/11/1957,IT,Q7000028
nm3000029,Krzysztof Kieślowski,03/03/1940,IT,Q7000029
nm3000030,Ingmar Bergman,12/22/1928,JP,Q7000030
nm3000031,Märta Torén,04/15/1951,FR,Q7000031
nm3000032,黒澤 明,12/17/1962,DE,
nm3000033,宮崎 駿,02/27/1974,BR,Q7000033
nm3000034,Андрей Тарковский,09/20/1979,DE,Q7000034
nm3000035,Сергей Эйзенштейн,09/03/1965,US,Q7000035
nm3000036,عمر الشريف,11/06/1929,MX,Q7000036
nm3000037,يوسف شاهين,10/13/1927,MX,Q7000037
nm3000038,Steven Spielberg,06/08/1936,BR,
nm3000039,Martin Scorsese,11/06/1963,US,
nm3000040,Francis Ford Coppola,06/07/1920,IT,Q7000040
nm3000041,Stanley Kubrick,07/14/1971,GB,Q7000041
nm3000042,Alfred Hitchcock,12/02/1956,US,Q7000042
nm3000043,Billy Wilder,01/23/1969,US,Q7000043
nm3000044,John Ford,,IT,
nm3000045,Howard Hawks,01/18/1931,BR,Q7000045
nm3000046,Orson Welles,02/16/1922,JP,Q7000046
nm3000047,Jean Renoir,03/01/1939,JP,
nm3000048,Federico Fellini,01/25/1953,BR,
nm3000049,Michelangelo Antonioni,04/07/1943,BR,Q7000049
nm3000050,Luchino Visconti,12/13/1924,JP,Q7000050
nm3000051,Pier Paolo Pasolini,04/06/1973,GB,
nm3000052,Werner Herzog,11/27/1976,IT,Q7000052
nm3000053,Rainer Werner Fassbinder,03/21/1946,GB,
nm3000054,Wim Wenders,10/22/1955,BR,
nm3000055,Akira Kurosawa,06/01/1974,MX,Q7000055
nm3000056,Yasujirō Ozu,12/12/1959,MX,
nm3000057,Kenji Mizoguchi,12/03/1964,CN,Q7000057
nm3000058,Wong Kar-wai,03/18/1921,MX,
nm3000059,Zhang Yimou,06/08/1973,BR,Q7000059
nm3000060,Chen Kaige,04/26/1944,MX,Q7000060
nm3000061,Hou Hsiao-hsien,02/12/1958,RU,Q7000061
nm3000062,Abbas Kiarostami,02/02/1966,RU,Q7000062
nm3000063,Mohsen Makhmalbaf,05/23/1934,MX,Q7000063
nm3000064,Jafar Panahi,08/07/1939,IT,Q7000064
nm3000065,Pedro Almodóvar,11/06/1944,JP,Q7000065
nm3000066,Carlos Saura,10/18/1947,FR,
nm3000067,Víctor Erice,09/11/1952,FR,
nm3000068,Michael Haneke,12/28/1974,JP,Q7000068
nm3000069,Lars von Trier,09/23/1925,BR,Q7000069
nm3000070,Thomas Vinterberg,05/02/1954,RU,Q7000070
nm3000071,Joel Coen,12/24/1956,JP,Q7000071
nm3000072,Ethan Coen,03/25/1960,US,
nm3000073,David Lynch,12/19/1951,IT,Q7000073
nm3000074,David Fincher,01/05/1922,JP,
nm3000075,Paul Thomas Anderson,09/01/1945,RU,Q7000075
nm3000076,Wes Anderson,11/24/1948,GB,
nm3000077,Sofia Coppola,11/09/1920,MX,Q7000077
nm3000078,Quentin Tarantino,10/18/1964,BR,Q7000078
nm3000079,Christopher Nolan,07/21/1934,GB,Q7000079
nm3000080,Darren Aronofsky,09/27/1961,BR,
nm3000081,Spike Jonze,10/15/1931,BR,
,Michel Gondry,05/28/1926,FR,Q7000082
nm3000083,Charlie Kaufman,01/11/1956,RU,Q7000083
nm3000084,  Richard Linklater  ,01/09/1968,JP,Q7000084
nm3000085,Jim Jarmusch,10/28/1926,RU,
nm3000086,Todd Haynes,,BR,
nm3000087,Gus Van Sant,05/25/1947,BR,Q7000087
nm3000088,Todd Solondz,03/10/1970,FR,Q7000088
nm3000089,Mary Harron,05/15/1940,GB,Q7000089
nm3000090,Kathryn Bigelow,04/28/1953,IT,Q7000090
nm3000091,Jane Campion,11/07/1938,RU,
nm3000092,Lynne Ramsay,01/18/1948,CN,Q7000092
nm3000093,Andrea Arnold,12/27/1958,IT,Q7000093
nm3000094,Kelly Reichardt,03/13/1959,JP,Q7000094
nm3000095,Debra Granik,11/28/1976,CN,Q7000095
nm3000096,Ava DuVernay,04/22/1941,CN,
nm3000097,Ryan Coogler,10/19/1979,DE,
nm3000098,Barry Jenkins,02/06/1951,JP,
nm3000099,Jordan Peele,,JP,Q7000099
nm3000100,Dee Rees,01/20/1924,BR,Q7000100
nm3000101,Chloé Zhao,11/08/1943,DE,Q7000101
nm3000102,Steve McQueen,04/20/1924,CN,
nm3000103,Amma Asante,08/03/1921,MX,Q7000103
nm3000104,Yann Demange,07/15/1968,US,Q7000104
nm3000105,Sam Mendes,03/06/1973,IT,Q7000105
nm3000106,Danny Boyle,05/28/1948,MX,
nm3000107,Mike Leigh,06/17/1972,DE,
nm3000108,Ken Loach,08/01/1931,IT,Q7000108
nm3000109,Stephen Frears,12/08/1936,JP,
nm3000110,Neil Jordan,09/11/1968,BR,Q7000110
nm3000111,John Boorman,04/21/1945,JP,Q7000111
nm3000112,Nicolas Roeg,01/28/1955,BR,Q7000112
nm3000113,Lindsay Anderson,07/21/1937,JP,Q7000113
nm3000114,Derek Jarman,11/17/1963,JP,Q7000114
nm3000115,Terence Davies,08/20/1949,JP,Q7000115
nm3000116,Sally Potter,12/14/1971,DE,Q7000116
nm3000117,Peter Greenaway,11/09/1974,MX,Q7000117
nm3000118,Mike Figgis,04/16/1953,FR,
nm3000119,Ridley Scott,07/06/1960,IT,Q7000119
nm3000120,Tony Scott,07/12/1948,CN,Q7000120
nm3000121,Alan Parker,12/26/1923,DE,Q7000121
nm3000122,Adrian Lyne,08/17/1954,DE,
nm3000123,John Schlesinger,10/22/1927,JP,Q7000123
nm3000124,Karel Reisz,05/16/1967,JP,Q7000124
nm3000125,Lindsay Anderson,09/04/1976,CN,
nm3000126,Alexander Mackendrick,11/06/1979,DE,Q7000126
nm3000127,  Carol Reed  ,12/07/1925,US,
nm3000128,David Lean,04/18/1952,FR,Q7000128
nm3000129,Anthony Asquith,07/09/1941,BR,Q7000129
nm3000130,Michael Powell,08/23/1926,US,Q7000130
nm3000131,Emeric Pressburger,06/04/1929,FR,Q7000131
nm3000132,Humphrey Jennings,05/11/1966,RU,Q7000132
nm3000133,Alberto Cavalcanti,10/11/1980,GB,
nm3000134,Thorold Dickinson,02/01/1963,DE,Q7000134
nm3000135,Charles Crichton,01/25/1955,GB,Q7000135
nm3000136,Henry Cornelius,04/07/1954,US,Q7000136
nm3000137,Basil Dearden,04/20/1943,DE,Q7000137
nm3000138,Ronald Neame,02/12/1955,CN,Q7000138
nm3000139,Guy Hamilton,01/07/1938,JP,Q7000139
nm3000140,John Guillermin,07/01/1976,IT,Q7000140
nm3000141,Jack Clayton,09/10/1957,RU,Q7000141
nm3000142,Bryan Forbes,05/18/1959,BR,Q7000142
nm3000143,Joseph Losey,09/24/1933,DE,Q7000143
nm3000144,John Huston,05/04/1936,FR,
nm3000145,William Wyler,05/04/1922,GB,
nm3000146,George Stevens,05/11/1937,GB,
nm3000147,Fred Zinnemann,01/24/1950,BR,
nm3000148,Robert Wise,05/22/1973,IT,Q7000148
nm3000149,Sidney Lumet,09/05/1964,IT,Q7000149
nm3000150,John Cassavetes,07/27/1961,IT,Q7000150
nm3000151,Arthur Penn,04/26/1957,BR,
nm3000152,Sam Peckinpah,03/18/1971,US,
nm3000153,Don Siegel,04/14/1920,DE,Q7000153
nm3000154,Robert Altman,09/19/1976,MX,Q7000154
nm3000155,Hal Ashby,,IT,Q7000155
nm3000156,Monte Hellman,02/26/1980,MX,Q7000156
nm3000157,Jerry Schatzberg,12/20/1973,BR,Q7000157
nm3000158,Bob Rafelson,02/03/1921,CN,Q7000158
nm3000159,John Schlesinger,02/09/1971,BR,
nm3000160,Mike Nichols,01/15/1941,RU,
nm3000161,Bob Fosse,02/06/1931,DE,Q7000161
nm3000162,Alan J. Pakula,08/01/1932,IT,Q7000162
nm3000163,Peter Bogdanovich,04/06/1980,FR,Q7000163
nm3000164,Brian De Palma,11/18/1925,US,
nm3000165,William Friedkin,02/14/1922,BR,
nm3000166,Francis Ford Coppola,06/28/1929,DE,Q7000166
nm3000167,Martin Scorsese,02/01/1935,FR,
,  Woody Allen  ,06/10/1974,MX,Q7000168
nm3000169,Elaine May,11/13/1956,CN,
nm3000170,Joan Micklin Silver,02/17/1953,JP,Q7000170
nm3000171,Barbara Loden,07/25/1937,IT,Q7000171
nm3000172,Claudia Weill,04/25/1962,DE,Q7000172
nm3000173,Joyce Chopra,10/24/1950,RU,Q7000173
nm3000174,Susan Seidelman,03/03/1922,JP,
nm3000175,Martha Coolidge,11/11/1970,CN,Q7000175
nm3000176,Penny Marshall,05/16/1971,MX,
nm3000177,Amy Heckerling,01/17/1976,DE,
nm3000178,Mary Lambert,12/27/1941,RU,
nm3000179,Kathryn Bigelow,12/03/1934,IT,
nm3000180,Mimi Leder,06/23/1955,BR,Q7000180
nm3000181,Betty Thomas,10/18/1964,US,Q7000181
nm3000182,Nora Ephron,12/21/1931,CN,Q7000182
nm3000183,Nancy Meyers,10/19/1954,GB,Q7000183
nm3000184,Nora Ephron,05/18/1966,FR,
nm3000185,Jodie Foster,09/27/1939,JP,Q7000185
nm3000186,Tom Hanks,08/23/1958,JP,Q7000186
nm3000187,Meryl Streep,04/03/1964,FR,Q7000187
nm3000188,Jack Nicholson,06/03/1976,DE,
nm3000189,Cate Blanchett,12/01/1977,FR,Q7000189
nm3000190,Denzel Washington,08/22/1962,JP,Q7000190
nm3000191,Jodie Foster,12/13/1953,GB,Q7000191
nm3000192,Robert De Niro,06/25/1964,DE,Q7000192
nm3000193,Natalie Portman,06/07/1929,IT,Q7000193
nm3000194,Al Pacino,09/17/1930,BR,Q7000194
nm3000195,Kate Winslet,01/25/1970,GB,Q7000195
nm3000196,Dustin Hoffman,,CN,
nm3000197,Halle Berry,07/09/1932,BR,
nm3000198,Gene Hackman,04/28/1961,DE,Q7000198
nm3000199,Charlize Theron,09/01/1961,US,Q7000199
